,dtype,pct_manquants,nb_valeurs_distinctes
_STATE,float64,0.0,53
FMONTH,float64,0.0,12
IDATE,object,0.0,429
IMONTH,object,0.0,13
IDAY,object,0.0,32
IYEAR,object,0.0,2
DISPCODE,float64,0.0,2
SEQNO,object,0.0,43913
_PSU,float64,0.0,43913
CTELENM1,float64,82.14,1
PVTRESD1,float64,82.14,2
COLGHOUS,float64,100.0,1
STATERE1,float64,82.14,1
CELPHON1,float64,82.14,1
LADULT1,float64,82.14,2
NUMADULT,float64,82.14,17
RESPSLC1,float64,89.69,2
LANDSEX3,float64,82.83,4
SAFETIME,float64,17.86,1
CTELNUM1,float64,17.86,1
CELLFON5,float64,17.86,1
CADULT1,float64,17.86,1
CELLSEX3,float64,18.64,4
PVTRESD3,float64,17.86,2
CCLGHOUS,float64,99.69,2
CSTATE1,float64,17.86,2
LANDLINE,float64,17.86,4
HHADULT,float64,17.91,30
SEXVAR,float64,0.0,2
GENHLTH,float64,0.0,7
PHYSHLTH,float64,0.0,33
MENTHLTH,float64,0.0,33
POORHLTH,float64,41.39,33
PRIMINS2,float64,0.0,13
PERSDOC3,float64,0.0,5
MEDCOST1,float64,0.0,4
CHECKUP1,float64,0.0,7
EXERANY2,float64,0.0,4
LASTDEN4,float64,0.0,7
RMVTETH4,float64,0.0,6
CVDINFR4,float64,0.0,4
CVDCRHD4,float64,0.0,4
CVDSTRK3,float64,0.0,4
ASTHMA3,float64,0.0,4
ASTHNOW,float64,84.26,4
CHCSCNC1,float64,0.0,4
CHCOCNC1,float64,0.0,4
CHCCOPD3,float64,0.0,4
ADDEPEV3,float64,0.0,4
CHCKDNY2,float64,0.0,4
HAVARTH4,float64,0.0,4
DIABETE4,float64,0.0,6
DIABAGE4,float64,85.62,98
MARITAL,float64,0.0,7
EDUCA,float64,0.0,7
RENTHOM1,float64,0.0,5
NUMHHOL4,float64,82.14,4
NUMPHON4,float64,98.77,9
CPDEMO1C,float64,0.0,9
VETERAN3,float64,0.27,4
EMPLOY1,float64,0.72,9
CHILDREN,float64,1.22,37
INCOME3,float64,2.03,13
PREGNANT,float64,82.22,4
WEIGHT2,float64,2.69,631
HEIGHT3,float64,2.93,173
DEAF,float64,3.29,4
BLIND,float64,3.55,4
DECIDE,float64,3.81,4
DIFFWALK,float64,4.08,4
DIFFDRES,float64,4.25,4
DIFFALON,float64,4.49,4
HADMAM,float64,50.24,4
HOWLONG,float64,61.4,7
CERVSCRN,float64,50.53,4
CRVCLCNC,float64,61.07,7
CRVCLPAP,float64,61.14,4
CRVCLHPV,float64,61.2,4
HADHYST2,float64,51.32,4
HADSIGM4,float64,34.22,4
COLNSIGM,float64,50.36,5
COLNTES1,float64,51.52,7
SIGMTES1,float64,93.13,7
LASTSIG4,float64,99.29,7
COLNCNCR,float64,34.58,4
VIRCOLO1,float64,84.23,4
VCLNTES2,float64,97.79,7
SMALSTOL,float64,84.23,4
STOLTEST,float64,87.56,7
STOOLDN2,float64,84.31,4
BLDSTFIT,float64,96.17,4
SDNATES1,float64,96.18,7
SMOKE100,float64,6.31,4
SMOKDAY2,float64,63.49,5
USENOW3,float64,6.48,5
ECIGNOW3,float64,6.7,6
LCSFIRST,float64,64.14,83
LCSNUMCG,float64,65.47,128
LCSCTSC1,float64,8.01,4
LCSSCNCR,float64,60.19,4
LCSCTWHN,float64,91.4,8
ALCDAY4,float64,8.57,41
AVEDRNK4,float64,54.08,51
DRNK3GE5,float64,54.18,49
MAXDRNKS,float64,54.28,65
FLUSHOT7,float64,9.07,4
FLSHTMY3,float64,57.14,33
IMFVPLA5,float64,57.23,14
PNEUVAC4,float64,9.35,4
HIVTST7,float64,9.5,4
HIVTSTD3,float64,68.68,536
HIVRISK5,float64,9.97,4
PDIABTS1,float64,65.22,9
PREDIAB2,float64,65.22,5
DIABTYPE,float64,96.98,4
INSULIN1,float64,96.98,4
CHKHEMO3,float64,96.98,36
EYEEXAM1,float64,96.98,8
DIABEYE1,float64,96.98,7
DIABEDU1,float64,96.99,9
FEETSORE,float64,96.99,4
ARTHEXER,float64,92.52,4
SHINGLE2,float64,98.27,4
HPVADVC4,float64,96.35,5
HPVADSH1,float64,99.21,6
TETANUS1,float64,97.51,6
CNCRDIFF,float64,96.75,5
CNCRAGE,float64,96.84,97
CNCRTYP2,float64,96.85,32
CSRVTRT3,float64,98.61,7
CSRVDOC1,float64,99.22,12
CSRVSUM,float64,99.22,4
CSRVRTRN,float64,99.22,4
CSRVINST,float64,99.43,4
CSRVINSR,float64,99.22,4
CSRVDEIN,float64,99.23,4
CSRVCLIN,float64,99.23,4
CSRVPAIN,float64,98.69,4
CSRVCTL2,float64,99.87,6
PSATEST1,float64,96.16,4
PSATIME1,float64,98.03,7
PCPSARS2,float64,98.04,5
PSASUGS1,float64,98.04,5
PCSTALK2,float64,96.18,6
CIMEMLO1,float64,82.71,4
CDWORRY,float64,97.15,4
CDDISCU1,float64,97.15,4
CDHOUS1,float64,97.15,4
CDSOCIA1,float64,97.16,4
CAREGIV1,float64,78.96,5
CRGVREL5,float64,95.39,10
CRGVPRB4,float64,95.4,15
CRGVALZD,float64,95.93,4
CRGVNURS,float64,95.42,4
CRGVPER2,float64,95.42,4
CRGVHOU2,float64,95.43,4
CRGVHRS2,float64,95.44,5
CRGVLNG2,float64,95.45,6
ACEDEPRS,float64,91.42,4
ACEDRINK,float64,91.43,4
ACEDRUGS,float64,91.44,4
ACEPRISN,float64,91.44,4
ACEDIVRC,float64,91.45,5
ACEPUNCH,float64,91.46,5
ACEHURT1,float64,91.47,5
ACESWEAR,float64,91.48,5
ACETOUCH,float64,91.49,5
ACETTHEM,float64,91.49,5
ACEHVSEX,float64,91.5,5
ACEADSAF,float64,91.52,7
ACEADNED,float64,91.53,7
LSATISFY,float64,55.48,6
EMTSUPRT,float64,55.54,7
SDLONELY,float64,55.6,7
SDHEMPLY,float64,55.65,4
FOODSTMP,float64,55.7,4
SDHFOOD1,float64,55.76,7
SDHBILLS,float64,55.82,4
SDHUTILS,float64,55.86,4
SDHTRNSP,float64,55.92,4
HOWSAFE1,float64,56.0,6
MARIJAN1,float64,70.1,33
MARJSMOK,float64,95.74,4
MARJEAT,float64,95.74,4
MARJVAPE,float64,95.75,4
MARJDAB,float64,95.75,4
MARJOTHR,float64,95.75,4
USEMRJN4,float64,98.17,7
LASTSMK2,float64,86.44,10
STOPSMK2,float64,94.65,4
MENTCIGS,float64,94.35,4
MENTECIG,float64,97.19,4
HEATTBCO,float64,49.02,4
SSBSUGR2,float64,74.74,112
SSBFRUT3,float64,74.8,96
FIREARM5,float64,76.91,4
GUNLOAD,float64,91.7,4
LOADULK2,float64,97.36,4
RCSGEND1,float64,100.0,0
RCSXBRTH,float64,100.0,0
RCSRLTN2,float64,87.93,8
CASTHDX2,float64,89.44,4
CASTHNO2,float64,98.95,4
SOMALE,float64,73.11,6
SOFEMALE,float64,70.41,6
HADSEX,float64,95.54,4
PFPPRVN4,float64,96.7,4
TYPCNTR9,float64,97.34,14
NOBCUSE8,float64,99.39,15
QSTVER,float64,0.0,8
QSTLANG,float64,0.0,2
HPVDSHT,float64,99.56,9
ICFQSTVR,float64,99.84,4
_METSTAT,float64,3.2,2
_URBSTAT,float64,3.2,2
MSCODE,float64,82.51,3
_STSTR,float64,0.0,2393
_STRWT,float64,0.0,1746
_RAWRAKE,float64,0.0,12
_WT2RAKE,float64,0.0,5679
_IMPRACE,float64,0.0,6
_CHISPNC,float64,29.26,3
_CRACE1,float64,87.2,9
CAGEG,float64,89.47,4
_CLLCPWT,float64,87.78,20298
_DUALUSE,float64,0.0,3
_DUALCOR,float64,69.93,106
_LLCPWT2,float64,0.0,12942
_LLCPWT,float64,0.0,256420
_RFHLTH,float64,0.0,3
_PHYS14D,float64,0.0,4
_MENT14D,float64,0.0,4
_HLTHPL2,float64,0.0,3
_HCVU654,float64,0.0,3
_TOTINDA,float64,0.0,3
_EXTETH3,float64,0.0,3
_ALTETH3,float64,60.81,3
_DENVST3,float64,0.0,3
_MICHD,float64,1.14,2
_LTASTH1,float64,0.0,3
_CASTHM1,float64,0.0,3
_ASTHMS1,float64,0.0,4
_DRDXAR2,float64,0.56,2
_MRACE1,float64,0.0,9
_HISPANC,float64,0.0,3
_RACE,float64,0.0,9
_RACEG21,float64,0.0,3
_RACEGR3,float64,0.0,6
_RACEPRV,float64,0.0,8
_SEX,float64,0.0,2
_AGEG5YR,float64,0.0,14
_AGE65YR,float64,0.0,3
_AGE80,float64,0.0,63
_AGE_G,float64,0.0,6
HTIN4,float64,6.96,57
HTM4,float64,5.26,124
WTKG3,float64,7.95,612
_BMI5,float64,9.4,4198
_BMI5CAT,float64,9.4,4
_RFBMI5,float64,0.0,3
_CHLDCNT,float64,0.0,7
_EDUCAG,float64,0.0,5
_INCOMG1,float64,0.0,8
_RFMAM23,float64,58.76,3
_MAM402Y,float64,70.73,2
_CRVSCRN,float64,55.0,3
_RFPAP37,float64,77.45,2
_HPV5YR1,float64,84.67,2
_PAPHPV1,float64,79.88,2
_HADCOLN,float64,35.59,2
_CLNSCP2,float64,50.37,3
_HADSIGM,float64,35.59,2
_SGMSCP2,float64,50.2,3
_SGMS102,float64,50.2,3
_RFBLDS6,float64,50.72,3
_STOLDN2,float64,50.83,3
_VIRCOL2,float64,50.84,3
_SBONTI2,float64,51.69,3
_CRCREC3,float64,50.26,3
_SMOKER3,float64,0.0,5
_RFSMOK3,float64,0.0,3
_CURECI3,float64,0.0,3
LCSLAST_,float64,73.65,81
LCSNUMC_,float64,66.64,126
_LCSAGE,float64,0.0,3
_LCSYSMK,float64,66.85,89
_PACKDAY,float64,66.64,126
_PACKYRS,float64,67.82,273
_LCSYQTS,float64,73.65,108
_LCSSMKG,float64,11.24,6
_LCSELIG,float64,11.24,2
_LCSCTSN,float64,14.04,4
_LCSPSTF,float64,11.24,3
DRNKANY6,float64,0.0,4
DROCDY4_,float64,0.0,36
_RFBING6,float64,0.0,3
_DRNKWK3,float64,0.0,283
_RFDRHV9,float64,0.0,3
_FLSHOT7,float64,60.81,3
_PNEUMO3,float64,60.81,3
_AIDTST4,float64,9.5,3
