,techno,operation,taille,temps
0,pandas,selection,10,0.0008370399999648725
1,pandas,filtrage,10,0.0157534410000153
2,pandas,group,10,0.019038283999975647
3,pandas,new_var,10,0.0015695839999807504
4,pandas,stats,10,0.005787426999972922
5,pandas,lecture,10,0.2035233029999972
6,dask,selection,10,0.016061961999980667
7,dask,filtrage,10,0.20525388700002622
8,dask,group,10,0.2227833819999887
9,dask,new_var,10,0.010466564000012113
10,dask,stats,10,0.03172209600006681
11,dask,lecture,10,0.2035233029999972
12,pandas,selection,25,0.0023001050000175383
13,pandas,filtrage,25,0.03556175999995048
14,pandas,group,25,0.045814643999960936
15,pandas,new_var,25,0.0031988709999950515
16,pandas,stats,25,0.012989957000058894
17,pandas,lecture,25,0.20173588799991649
18,dask,selection,25,0.03490482899997005
19,dask,filtrage,25,0.6784444959999973
20,dask,group,25,0.5560823040000287
21,dask,new_var,25,0.013203038000028755
22,dask,stats,25,0.037006732000008924
23,dask,lecture,25,0.20173588799991649
24,pandas,selection,50,0.004543283999964842
25,pandas,filtrage,50,0.07214506799994069
26,pandas,group,50,0.08725992300003327
27,pandas,new_var,50,0.0052187100000082864
28,pandas,stats,50,0.023988931000076263
29,pandas,lecture,50,0.25777596699992955
30,dask,selection,50,0.0693233470000223
31,dask,filtrage,50,1.1948871949999784
32,dask,group,50,1.2353750969999737
33,dask,new_var,50,0.01911646999997174
34,dask,stats,50,0.04869326599998658
35,dask,lecture,50,0.25777596699992955
36,pandas,selection,100,0.01155524700004662
37,pandas,filtrage,100,0.15011867100008658
38,pandas,group,100,0.1799307169999338
39,pandas,new_var,100,0.01012567600002967
40,pandas,stats,100,0.04611170199996195
41,pandas,lecture,100,0.48029511300001104
42,dask,selection,100,0.12094115600007171
43,dask,filtrage,100,2.9109307630000103
44,dask,group,100,2.609945406999941
45,dask,new_var,100,0.03252810000003592
46,dask,stats,100,0.07910592799998994
47,dask,lecture,100,0.48029511300001104
